time,Temp
0.0,24.46831597222222
0.1,24.46831597222222
0.2,24.46831597222222
0.3,24.46831597222222
0.4,24.46831597222222
0.5,24.46831597222222
0.6,24.150545634920636
0.7,25.73939732142857
0.8,26.69270833333333
0.9,27.01047867063492
1.0,27.01047867063492
1.1,27.01047867063492
1.2,27.01047867063492
1.3,27.01047867063492
1.4,27.01047867063492
1.5,27.01047867063492
1.6,27.01047867063492
1.7,27.01047867063492
1.8,27.01047867063492
1.9,27.01047867063492
2.0,27.01047867063492
2.1,27.01047867063492
2.2,27.01047867063492
2.3,27.01047867063492
2.4,27.01047867063492
2.5,27.01047867063492
2.6,27.01047867063492
2.7,27.01047867063492
2.8,27.01047867063492
2.9,27.01047867063492
3.0,27.01047867063492
3.1,27.01047867063492
3.2,27.01047867063492
3.3,27.01047867063492
3.4,27.01047867063492
3.5,27.01047867063492
3.6,27.01047867063492
3.7,27.01047867063492
3.8,27.01047867063492
3.9,27.01047867063492
4.0,27.01047867063492
4.1,27.01047867063492
4.2,27.01047867063492
4.3,27.01047867063492
4.4,27.01047867063492
4.5,27.328249007936503
4.6,27.328249007936503
4.7,27.328249007936503
4.8,27.328249007936503
4.9,27.328249007936503
5.0,27.64601934523809
5.1,27.64601934523809
5.2,27.64601934523809
5.3,27.64601934523809
5.4,27.96378968253968
5.5,27.96378968253968
5.6,27.96378968253968
5.7,27.96378968253968
5.8,28.281560019841265
5.9,28.281560019841265
6.0,28.281560019841265
6.1,28.59933035714285
6.2,28.59933035714285
6.3,28.917100694444443
6.4,28.917100694444443
6.5,28.917100694444443
6.6,29.234871031746028
6.7,29.234871031746028
6.8,29.552641369047617
6.9,29.552641369047617
7.0,29.8704117063492
7.1,29.8704117063492
7.2,30.18818204365079
7.3,30.50595238095238
7.4,30.50595238095238
7.5,30.823722718253965
7.6,31.141493055555557
7.7,31.141493055555557
7.8,31.45926339285714
7.9,31.45926339285714
8.0,31.777033730158728
8.1,32.09480406746032
8.2,32.09480406746032
8.3,32.4125744047619
8.4,32.73034474206349
8.5,33.04811507936508
8.6,33.365885416666664
8.7,33.365885416666664
8.8,33.68365575396825
8.9,34.001426091269835
9.0,34.31919642857142
9.1,34.63696676587301
9.2,34.9547371031746
9.3,35.27250744047619
9.4,35.59027777777777
9.5,35.59027777777777
9.6,35.90804811507936
9.7,36.54358878968254
9.8,36.86135912698413
9.9,36.86135912698413
10.0,37.4968998015873
10.1,37.4968998015873
10.2,37.814670138888886
10.3,37.814670138888886
10.4,38.13244047619048
10.5,38.13244047619048
10.6,38.13244047619048
10.7,38.450210813492056
10.8,38.767981150793645
10.9,39.085751488095234
11.0,39.40352182539682
11.1,39.72129216269841
11.2,39.72129216269841
11.3,40.35683283730158
11.4,40.35683283730158
11.5,40.67460317460317
11.6,40.99237351190476
11.7,41.62791418650793
11.8,41.94568452380952
11.9,41.31014384920635
12.0,41.62791418650793
12.1,42.898995535714285
12.2,43.534536210317455
12.3,43.85230654761904
12.4,44.17007688492063
12.5,44.48784722222221
12.6,44.8056175595238
12.7,45.12338789682539
12.8,45.44115823412698
12.9,45.75892857142857
13.0,46.07669890873015
13.1,46.39446924603174
13.2,46.71223958333333
13.3,47.03000992063492
13.4,47.347780257936506
13.5,47.66555059523809
13.6,47.98332093253968
13.7,48.30109126984127
13.8,48.61886160714285
13.9,48.93663194444444
14.0,49.57217261904761
14.1,49.57217261904761
14.2,50.20771329365079
14.3,50.52548363095237
14.4,50.84325396825396
14.5,51.16102430555555
14.6,51.47879464285714
14.7,51.79656498015873
14.8,52.11433531746031
14.9,52.4321056547619
15.0,52.4321056547619
15.1,52.74987599206349
15.2,53.38541666666666
15.3,53.703187003968246
15.4,54.02095734126984
15.5,54.33872767857142
15.6,54.65649801587301
15.7,55.29203869047618
15.8,55.60980902777777
15.9,55.92757936507936
16.0,56.24534970238095
16.1,56.56312003968253
16.2,56.88089037698412
16.3,57.19866071428571
16.4,57.5164310515873
16.5,57.5164310515873
16.6,57.834201388888886
16.7,58.15197172619047
16.8,58.469742063492056
16.9,58.787512400793645
17.0,59.105282738095234
17.1,59.42305307539682
17.2,59.7408234126984
17.3,60.05859374999999
17.4,60.05859374999999
17.5,60.37636408730158
17.6,60.69413442460317
17.7,61.01190476190476
17.8,61.01190476190476
17.9,61.32967509920634
18.0,61.64744543650793
18.1,61.96521577380952
18.2,61.96521577380952
18.3,62.28298611111111
18.4,62.60075644841269
18.5,62.91852678571428
18.6,62.91852678571428
18.7,63.236297123015866
18.8,63.236297123015866
18.9,63.554067460317455
19.0,63.554067460317455
19.1,63.87183779761904
19.2,63.87183779761904
19.3,64.18960813492063
19.4,64.50737847222221
19.5,64.50737847222221
19.6,64.8251488095238
19.7,64.8251488095238
19.8,65.14291914682539
19.9,65.14291914682539
20.0,65.46068948412697
20.1,65.46068948412697
20.2,65.77845982142857
20.3,65.77845982142857
20.4,66.09623015873015
20.5,66.09623015873015
20.6,66.41400049603173
20.7,66.41400049603173
20.8,66.41400049603173
20.9,66.41400049603173
21.0,66.73177083333333
21.1,66.73177083333333
21.2,67.04954117063491
21.3,67.04954117063491
21.4,67.3673115079365
21.5,67.3673115079365
21.6,67.04954117063491
21.7,67.3673115079365
21.8,67.68508184523809
21.9,67.68508184523809
22.0,67.68508184523809
22.1,68.00285218253967
22.2,68.00285218253967
22.3,68.00285218253967
22.4,68.32062251984127
22.5,68.32062251984127
22.6,68.32062251984127
22.7,68.00285218253967
22.8,68.63839285714285
22.9,68.32062251984127
23.0,68.32062251984127
23.1,68.32062251984127
23.2,68.63839285714285
23.3,68.63839285714285
23.4,68.63839285714285
23.5,68.63839285714285
23.6,68.00285218253967
23.7,68.95616319444444
23.8,69.5917038690476
23.9,68.95616319444444
24.0,68.95616319444444
24.1,68.95616319444444
24.2,68.95616319444444
24.3,68.95616319444444
24.4,69.27393353174602
24.5,69.27393353174602
24.6,69.27393353174602
24.7,69.5917038690476
24.8,69.27393353174602
24.9,69.5917038690476
25.0,69.5917038690476
25.1,69.5917038690476
25.2,69.5917038690476
25.3,69.5917038690476
25.4,69.5917038690476
25.5,69.27393353174602
25.6,69.27393353174602
25.7,69.27393353174602
25.8,69.27393353174602
25.9,69.27393353174602
26.0,69.27393353174602
26.1,69.27393353174602
26.2,69.27393353174602
26.3,69.27393353174602
26.4,69.27393353174602
26.5,69.27393353174602
26.6,69.5917038690476
26.7,69.27393353174602
26.8,69.5917038690476
26.9,69.27393353174602
27.0,69.5917038690476
27.1,69.5917038690476
27.2,69.5917038690476
27.3,69.5917038690476
27.4,69.27393353174602
27.5,69.27393353174602
27.6,69.27393353174602
27.7,69.27393353174602
27.8,69.27393353174602
27.9,69.27393353174602
28.0,69.27393353174602
28.1,69.27393353174602
28.2,69.27393353174602
28.3,69.27393353174602
28.4,68.95616319444444
28.5,68.95616319444444
28.6,68.95616319444444
28.7,68.95616319444444
28.8,68.95616319444444
28.9,68.95616319444444
29.0,68.95616319444444
29.1,68.95616319444444
29.2,68.95616319444444
29.3,68.63839285714285
29.4,68.95616319444444
29.5,68.95616319444444
29.6,68.95616319444444
29.7,68.95616319444444
29.8,68.95616319444444
29.9,68.95616319444444
30.0,68.95616319444444
30.1,68.63839285714285
30.2,68.63839285714285
30.3,68.63839285714285
30.4,68.63839285714285
30.5,68.63839285714285
30.6,68.32062251984127
30.7,68.63839285714285
30.8,68.32062251984127
30.9,68.32062251984127
31.0,68.32062251984127
31.1,68.32062251984127
31.2,68.32062251984127
31.3,68.32062251984127
31.4,68.32062251984127
31.5,68.00285218253967
31.6,68.00285218253967
31.7,68.00285218253967
31.8,67.68508184523809
31.9,67.68508184523809
32.0,67.68508184523809
32.1,67.68508184523809
32.2,67.68508184523809
32.3,67.68508184523809
32.4,67.3673115079365
32.5,67.3673115079365
32.6,67.3673115079365
32.7,67.3673115079365
32.8,67.3673115079365
32.9,67.04954117063491
33.0,67.04954117063491
33.1,67.04954117063491
33.2,67.04954117063491
33.3,66.73177083333333
33.4,66.73177083333333
33.5,66.73177083333333
33.6,66.73177083333333
33.7,66.73177083333333
33.8,66.41400049603173
33.9,66.41400049603173
34.0,66.41400049603173
34.1,66.41400049603173
34.2,66.09623015873015
34.3,66.09623015873015
34.4,66.09623015873015
34.5,66.09623015873015
34.6,66.09623015873015
34.7,65.77845982142857
34.8,65.77845982142857
34.9,65.77845982142857
35.0,65.77845982142857
35.1,65.77845982142857
35.2,65.46068948412697
35.3,65.46068948412697
35.4,65.46068948412697
35.5,65.46068948412697
35.6,65.14291914682539
35.7,65.14291914682539
35.8,65.14291914682539
35.9,65.14291914682539
36.0,64.8251488095238
36.1,64.8251488095238
36.2,64.8251488095238
36.3,64.50737847222221
36.4,64.50737847222221
36.5,64.50737847222221
36.6,64.50737847222221
36.7,64.50737847222221
36.8,64.18960813492063
36.9,64.18960813492063
37.0,64.18960813492063
37.1,64.18960813492063
37.2,63.87183779761904
37.3,63.87183779761904
37.4,63.87183779761904
37.5,63.87183779761904
37.6,63.554067460317455
37.7,63.554067460317455
37.8,63.554067460317455
37.9,63.554067460317455
38.0,63.554067460317455
38.1,63.236297123015866
38.2,63.236297123015866
38.3,63.236297123015866
38.4,63.236297123015866
38.5,62.91852678571428
38.6,62.91852678571428
38.7,62.91852678571428
38.8,62.91852678571428
38.9,62.60075644841269
39.0,62.60075644841269
39.1,62.60075644841269
39.2,62.60075644841269
39.3,61.96521577380952
39.4,62.28298611111111
39.5,62.28298611111111
39.6,61.96521577380952
39.7,61.96521577380952
39.8,61.96521577380952
39.9,61.64744543650793
40.0,61.64744543650793
40.1,58.15197172619047
40.2,58.469742063492056
40.3,57.5164310515873
40.4,58.15197172619047
40.5,58.15197172619047
40.6,57.19866071428571
40.7,56.56312003968253
40.8,57.19866071428571
40.9,58.787512400793645
41.0,59.42305307539682
41.1,59.105282738095234
41.2,57.5164310515873
41.3,57.19866071428571
41.4,57.5164310515873
41.5,57.834201388888886
41.6,58.15197172619047
41.7,58.15197172619047
41.8,58.15197172619047
41.9,58.15197172619047
42.0,57.834201388888886
42.1,57.834201388888886
42.2,57.834201388888886
42.3,57.834201388888886
42.4,57.834201388888886
42.5,57.5164310515873
42.6,57.5164310515873
42.7,57.5164310515873
42.8,57.5164310515873
42.9,57.5164310515873
43.0,57.19866071428571
43.1,57.19866071428571
43.2,57.19866071428571
43.3,57.19866071428571
43.4,56.88089037698412
43.5,56.88089037698412
43.6,56.88089037698412
43.7,56.56312003968253
43.8,56.56312003968253
43.9,56.56312003968253
44.0,56.56312003968253
44.1,56.24534970238095
44.2,56.24534970238095
44.3,56.24534970238095
44.4,56.24534970238095
44.5,55.92757936507936
44.6,55.92757936507936
44.7,55.92757936507936
44.8,55.92757936507936
44.9,55.60980902777777
45.0,55.60980902777777
45.1,55.60980902777777
45.2,55.60980902777777
45.3,55.29203869047618
45.4,55.60980902777777
45.5,55.29203869047618
45.6,55.29203869047618
45.7,54.9742683531746
45.8,54.9742683531746
45.9,54.9742683531746
46.0,54.65649801587301
46.1,54.65649801587301
46.2,54.65649801587301
46.3,54.65649801587301
46.4,54.33872767857142
46.5,54.33872767857142
46.6,54.02095734126984
46.7,54.33872767857142
46.8,54.02095734126984
46.9,54.02095734126984
47.0,54.02095734126984
47.1,54.02095734126984
47.2,53.703187003968246
47.3,53.703187003968246
47.4,54.02095734126984
47.5,53.703187003968246
47.6,53.38541666666666
47.7,53.703187003968246
47.8,53.38541666666666
47.9,53.38541666666666
48.0,53.38541666666666
48.1,53.06764632936508
48.2,53.06764632936508
48.3,53.06764632936508
48.4,53.06764632936508
48.5,52.74987599206349
48.6,52.74987599206349
48.7,52.4321056547619
48.8,52.4321056547619
48.9,52.4321056547619
49.0,52.11433531746031
49.1,52.11433531746031
49.2,52.11433531746031
49.3,52.11433531746031
49.4,52.11433531746031
49.5,51.79656498015873
49.6,51.79656498015873
49.7,51.79656498015873
49.8,51.47879464285714
49.9,51.47879464285714
50.0,51.47879464285714
50.1,51.47879464285714
50.2,51.47879464285714
50.3,51.16102430555555
50.4,51.16102430555555
50.5,51.16102430555555
50.6,50.84325396825396
50.7,50.84325396825396
50.8,50.84325396825396
50.9,50.84325396825396
51.0,50.84325396825396
51.1,50.52548363095237
51.2,50.52548363095237
51.3,50.52548363095237
51.4,50.20771329365079
51.5,50.20771329365079
51.6,50.20771329365079
51.7,50.20771329365079
51.8,49.8899429563492
51.9,49.8899429563492
52.0,49.8899429563492
52.1,49.8899429563492
52.2,49.8899429563492
52.3,49.57217261904761
52.4,49.57217261904761
52.5,49.57217261904761
52.6,49.57217261904761
52.7,49.254402281746025
52.8,49.254402281746025
52.9,49.254402281746025
53.0,48.93663194444444
53.1,48.93663194444444
53.2,48.93663194444444
53.3,48.93663194444444
53.4,48.61886160714285
53.5,48.61886160714285
53.6,48.61886160714285
53.7,48.61886160714285
53.8,48.30109126984127
53.9,48.30109126984127
54.0,48.30109126984127
54.1,48.30109126984127
54.2,48.30109126984127
54.3,47.98332093253968
54.4,47.98332093253968
54.5,47.98332093253968
54.6,47.98332093253968
54.7,47.66555059523809
54.8,47.66555059523809
54.9,47.66555059523809
55.0,47.66555059523809
55.1,47.347780257936506
55.2,47.347780257936506
55.3,47.347780257936506
55.4,47.03000992063492
55.5,47.03000992063492
55.6,47.03000992063492
55.7,47.03000992063492
55.8,47.03000992063492
55.9,47.03000992063492
56.0,46.71223958333333
56.1,46.71223958333333
56.2,46.71223958333333
56.3,46.71223958333333
56.4,46.39446924603174
56.5,46.39446924603174
56.6,46.39446924603174
56.7,46.39446924603174
56.8,46.39446924603174
56.9,46.39446924603174
57.0,46.07669890873015
57.1,46.07669890873015
57.2,45.75892857142857
57.3,45.75892857142857
57.4,45.75892857142857
57.5,45.75892857142857
57.6,45.75892857142857
57.7,45.75892857142857
57.8,45.44115823412698
57.9,45.44115823412698
58.0,45.44115823412698
58.1,45.44115823412698
58.2,45.44115823412698
58.3,45.12338789682539
58.4,45.12338789682539
58.5,45.12338789682539
58.6,45.12338789682539
58.7,44.8056175595238
58.8,45.12338789682539
58.9,44.8056175595238
59.0,44.8056175595238
59.1,44.8056175595238
59.2,44.8056175595238
59.3,44.48784722222221
59.4,44.48784722222221
59.5,44.48784722222221
59.6,44.48784722222221
59.7,44.48784722222221
59.8,44.17007688492063
59.9,44.17007688492063
60.0,44.17007688492063
60.1,44.17007688492063
60.2,44.17007688492063
60.3,43.85230654761904
60.4,43.85230654761904
60.5,43.85230654761904
60.6,43.85230654761904
60.7,43.85230654761904
60.8,43.85230654761904
60.9,43.534536210317455
61.0,43.85230654761904
61.1,43.85230654761904
61.2,43.534536210317455
61.3,43.534536210317455
61.4,43.534536210317455
61.5,43.534536210317455
61.6,43.85230654761904
61.7,43.534536210317455
61.8,43.85230654761904
61.9,43.534536210317455
62.0,43.534536210317455
62.1,43.534536210317455
62.2,43.534536210317455
62.3,43.534536210317455
62.4,43.534536210317455
62.5,43.534536210317455
62.6,43.534536210317455
62.7,43.216765873015866
62.8,43.216765873015866
62.9,43.216765873015866
63.0,43.216765873015866
63.1,42.898995535714285
63.2,42.898995535714285
63.3,42.898995535714285
63.4,42.898995535714285
63.5,42.898995535714285
63.6,42.898995535714285
63.7,42.898995535714285
63.8,42.898995535714285
63.9,42.581225198412696
64.0,42.898995535714285
64.1,42.581225198412696
64.2,42.581225198412696
64.3,42.581225198412696
64.4,42.581225198412696
64.5,42.581225198412696
64.6,42.581225198412696
64.7,42.26345486111111
64.8,42.26345486111111
64.9,42.26345486111111
65.0,41.94568452380952
65.1,42.26345486111111
65.2,41.94568452380952
65.3,41.94568452380952
65.4,41.94568452380952
65.5,41.94568452380952
65.6,41.94568452380952
65.7,41.94568452380952
65.8,41.94568452380952
65.9,41.94568452380952
66.0,41.62791418650793
66.1,41.94568452380952
66.2,41.94568452380952
66.3,41.62791418650793
66.4,41.62791418650793
66.5,41.62791418650793
66.6,41.62791418650793
66.7,41.62791418650793
66.8,41.31014384920635
66.9,41.31014384920635
67.0,41.31014384920635
67.1,41.62791418650793
67.2,40.99237351190476
67.3,41.31014384920635
67.4,40.99237351190476
67.5,41.31014384920635
67.6,40.99237351190476
67.7,40.99237351190476
67.8,40.99237351190476
67.9,40.99237351190476
68.0,40.99237351190476
68.1,40.99237351190476
68.2,40.99237351190476
68.3,40.99237351190476
68.4,41.31014384920635
68.5,40.99237351190476
68.6,41.31014384920635
68.7,41.31014384920635
68.8,40.99237351190476
68.9,41.31014384920635
69.0,41.31014384920635
69.1,41.31014384920635
69.2,41.31014384920635
69.3,41.31014384920635
69.4,41.31014384920635
69.5,41.62791418650793
69.6,40.35683283730158
69.7,41.62791418650793
69.8,41.62791418650793
69.9,41.31014384920635
70.0,41.62791418650793
70.1,41.94568452380952
70.2,41.94568452380952
70.3,41.94568452380952
70.4,41.94568452380952
70.5,41.94568452380952
70.6,42.26345486111111
70.7,42.26345486111111
70.8,42.581225198412696
70.9,42.581225198412696
71.0,42.581225198412696
71.1,42.898995535714285
71.2,42.898995535714285
71.3,42.898995535714285
71.4,43.216765873015866
71.5,43.216765873015866
71.6,43.534536210317455
71.7,43.534536210317455
71.8,43.534536210317455
71.9,43.85230654761904
72.0,43.85230654761904
72.1,43.85230654761904
72.2,44.17007688492063
72.3,44.17007688492063
72.4,44.48784722222221
72.5,44.48784722222221
72.6,44.8056175595238
72.7,44.8056175595238
72.8,45.12338789682539
72.9,45.12338789682539
73.0,45.44115823412698
73.1,45.44115823412698
73.2,45.75892857142857
73.3,45.75892857142857
73.4,46.07669890873015
73.5,46.39446924603174
73.6,46.39446924603174
73.7,46.39446924603174
73.8,46.71223958333333
73.9,46.71223958333333
74.0,47.03000992063492
74.1,47.03000992063492
74.2,47.347780257936506
74.3,47.66555059523809
74.4,47.66555059523809
74.5,47.66555059523809
74.6,47.98332093253968
74.7,47.98332093253968
74.8,48.61886160714285
74.9,48.61886160714285
75.0,49.254402281746025
75.1,49.57217261904761
75.2,49.8899429563492
75.3,50.20771329365079
75.4,50.20771329365079
75.5,50.52548363095237
75.6,50.52548363095237
75.7,50.84325396825396
75.8,51.16102430555555
75.9,51.16102430555555
76.0,51.47879464285714
76.1,51.79656498015873
76.2,51.79656498015873
76.3,52.11433531746031
76.4,52.11433531746031
76.5,52.4321056547619
76.6,52.4321056547619
76.7,52.74987599206349
76.8,52.74987599206349
76.9,52.74987599206349
77.0,53.38541666666666
77.1,53.38541666666666
77.2,53.38541666666666
77.3,53.703187003968246
77.4,53.703187003968246
77.5,54.02095734126984
77.6,54.02095734126984
77.7,54.02095734126984
77.8,54.33872767857142
77.9,54.33872767857142
78.0,54.65649801587301
78.1,54.65649801587301
78.2,54.9742683531746
78.3,54.9742683531746
78.4,54.9742683531746
78.5,55.29203869047618
78.6,55.29203869047618
78.7,55.60980902777777
78.8,55.60980902777777
78.9,55.60980902777777
79.0,55.60980902777777
79.1,55.92757936507936
79.2,55.92757936507936
79.3,55.92757936507936
79.4,55.92757936507936
79.5,56.24534970238095
79.6,56.24534970238095
79.7,56.24534970238095
79.8,56.24534970238095
79.9,56.56312003968253
80.0,56.56312003968253
80.1,56.56312003968253
80.2,56.56312003968253
80.3,56.88089037698412
80.4,56.88089037698412
80.5,56.88089037698412
80.6,56.88089037698412
80.7,56.88089037698412
80.8,56.88089037698412
80.9,57.19866071428571
81.0,57.19866071428571
81.1,56.88089037698412
81.2,57.19866071428571
81.3,57.19866071428571
81.4,57.19866071428571
81.5,57.19866071428571
81.6,57.19866071428571
81.7,57.19866071428571
81.8,57.19866071428571
81.9,57.5164310515873
82.0,57.5164310515873
82.1,57.5164310515873
82.2,57.5164310515873
82.3,57.5164310515873
82.4,57.5164310515873
82.5,57.5164310515873
82.6,57.5164310515873
82.7,57.5164310515873
82.8,57.5164310515873
82.9,57.834201388888886
83.0,57.834201388888886
83.1,57.5164310515873
83.2,57.5164310515873
83.3,57.5164310515873
83.4,57.834201388888886
83.5,57.5164310515873
83.6,57.5164310515873
83.7,57.5164310515873
83.8,57.834201388888886
83.9,57.5164310515873
84.0,57.5164310515873
84.1,57.834201388888886
84.2,57.5164310515873
84.3,57.5164310515873
84.4,57.5164310515873
84.5,57.5164310515873
84.6,57.5164310515873
84.7,57.5164310515873
84.8,57.5164310515873
84.9,57.5164310515873
85.0,57.5164310515873
85.1,57.5164310515873
85.2,57.5164310515873
85.3,57.5164310515873
85.4,57.19866071428571
85.5,57.5164310515873
85.6,57.5164310515873
85.7,57.5164310515873
85.8,57.19866071428571
85.9,57.19866071428571
86.0,57.19866071428571
86.1,57.19866071428571
86.2,57.19866071428571
86.3,57.19866071428571
86.4,57.19866071428571
86.5,57.19866071428571
86.6,57.19866071428571
86.7,57.19866071428571
86.8,57.19866071428571
86.9,56.88089037698412
87.0,56.88089037698412
87.1,56.88089037698412
87.2,56.88089037698412
87.3,56.88089037698412
87.4,56.88089037698412
87.5,56.88089037698412
87.6,56.56312003968253
87.7,56.56312003968253
87.8,56.56312003968253
87.9,56.56312003968253
88.0,56.56312003968253
88.1,56.56312003968253
88.2,56.24534970238095
88.3,56.24534970238095
88.4,56.24534970238095
88.5,56.24534970238095
88.6,56.24534970238095
88.7,56.24534970238095
88.8,55.92757936507936
88.9,55.92757936507936
89.0,55.92757936507936
89.1,55.92757936507936
89.2,55.92757936507936
89.3,55.92757936507936
89.4,55.92757936507936
89.5,55.60980902777777
89.6,55.60980902777777
89.7,55.60980902777777
89.8,55.60980902777777
89.9,55.60980902777777
90.0,55.29203869047618
90.1,55.29203869047618
90.2,55.29203869047618
90.3,55.29203869047618
90.4,55.29203869047618
90.5,54.9742683531746
90.6,54.9742683531746
90.7,54.9742683531746
90.8,54.9742683531746
90.9,54.65649801587301
91.0,54.65649801587301
91.1,54.65649801587301
91.2,54.33872767857142
91.3,54.65649801587301
91.4,54.33872767857142
91.5,54.33872767857142
91.6,54.33872767857142
91.7,54.33872767857142
91.8,54.33872767857142
91.9,54.33872767857142
92.0,54.02095734126984
92.1,54.33872767857142
92.2,54.02095734126984
92.3,54.02095734126984
92.4,54.02095734126984
92.5,53.703187003968246
92.6,54.02095734126984
92.7,53.703187003968246
92.8,53.703187003968246
92.9,53.703187003968246
93.0,53.703187003968246
93.1,53.38541666666666
93.2,53.38541666666666
93.3,53.38541666666666
93.4,53.38541666666666
93.5,53.06764632936508
93.6,53.38541666666666
93.7,52.74987599206349
93.8,53.06764632936508
93.9,52.74987599206349
94.0,52.74987599206349
94.1,52.74987599206349
94.2,52.74987599206349
94.3,52.74987599206349
94.4,52.74987599206349
94.5,52.4321056547619
94.6,52.4321056547619
94.7,52.4321056547619
94.8,52.4321056547619
94.9,52.4321056547619
95.0,52.11433531746031
95.1,52.11433531746031
95.2,52.11433531746031
95.3,52.11433531746031
95.4,51.79656498015873
95.5,51.79656498015873
95.6,51.79656498015873
95.7,51.47879464285714
95.8,51.47879464285714
95.9,51.47879464285714
96.0,51.47879464285714
96.1,51.47879464285714
96.2,51.47879464285714
96.3,51.16102430555555
96.4,51.16102430555555
96.5,51.16102430555555
96.6,51.16102430555555
96.7,51.16102430555555
96.8,50.84325396825396
96.9,50.84325396825396
97.0,50.84325396825396
97.1,50.52548363095237
97.2,50.84325396825396
97.3,50.52548363095237
97.4,50.52548363095237
97.5,50.52548363095237
97.6,50.52548363095237
97.7,50.52548363095237
97.8,50.52548363095237
97.9,50.52548363095237
98.0,50.20771329365079
98.1,50.20771329365079
98.2,50.20771329365079
98.3,49.8899429563492
98.4,49.8899429563492
98.5,49.8899429563492
98.6,49.8899429563492
98.7,49.57217261904761
98.8,49.57217261904761
98.9,49.57217261904761
99.0,49.57217261904761
99.1,49.57217261904761
99.2,49.57217261904761
99.3,49.254402281746025
99.4,49.254402281746025
99.5,49.254402281746025
99.6,49.254402281746025
99.7,49.254402281746025
99.8,49.254402281746025
99.9,48.93663194444444
100.0,48.93663194444444
100.1,48.93663194444444
100.2,48.61886160714285
100.3,48.61886160714285
100.4,48.61886160714285
100.5,48.61886160714285
100.6,48.61886160714285
100.7,48.30109126984127
100.8,48.30109126984127
100.9,48.30109126984127
101.0,48.30109126984127
101.1,48.30109126984127
101.2,48.30109126984127
101.3,47.98332093253968
101.4,47.98332093253968
101.5,47.98332093253968
101.6,47.98332093253968
101.7,47.98332093253968
101.8,47.98332093253968
101.9,47.98332093253968
102.0,47.66555059523809
102.1,47.66555059523809
102.2,47.66555059523809
102.3,47.66555059523809
102.4,47.66555059523809
102.5,47.347780257936506
102.6,47.347780257936506
102.7,47.347780257936506
102.8,47.347780257936506
102.9,47.347780257936506
103.0,47.347780257936506
103.1,47.03000992063492
103.2,47.03000992063492
103.3,47.03000992063492
103.4,47.03000992063492
103.5,47.03000992063492
103.6,46.71223958333333
103.7,46.71223958333333
103.8,46.71223958333333
103.9,46.71223958333333
104.0,46.71223958333333
104.1,46.71223958333333
104.2,46.39446924603174
104.3,46.39446924603174
104.4,46.39446924603174
104.5,46.39446924603174
104.6,46.39446924603174
104.7,46.39446924603174
104.8,46.07669890873015
104.9,46.07669890873015
105.0,46.07669890873015
105.1,46.07669890873015
105.2,46.07669890873015
105.3,46.07669890873015
105.4,46.07669890873015
105.5,46.07669890873015
105.6,45.75892857142857
105.7,45.75892857142857
105.8,45.75892857142857
105.9,45.75892857142857
106.0,45.75892857142857
106.1,45.75892857142857
106.2,45.75892857142857
106.3,45.44115823412698
106.4,45.44115823412698
106.5,45.44115823412698
106.6,45.44115823412698
106.7,45.12338789682539
106.8,45.12338789682539
106.9,45.12338789682539
107.0,45.12338789682539
107.1,45.12338789682539
107.2,45.12338789682539
107.3,45.12338789682539
107.4,44.8056175595238
107.5,44.8056175595238
107.6,44.48784722222221
107.7,44.48784722222221
107.8,44.48784722222221
107.9,44.48784722222221
108.0,44.48784722222221
108.1,44.48784722222221
108.2,44.48784722222221
108.3,44.48784722222221
108.4,44.17007688492063
108.5,44.48784722222221
108.6,44.17007688492063
108.7,44.17007688492063
108.8,44.17007688492063
108.9,44.17007688492063
109.0,44.17007688492063
109.1,44.17007688492063
109.2,44.17007688492063
109.3,43.85230654761904
109.4,43.85230654761904
109.5,43.85230654761904
109.6,43.85230654761904
109.7,43.85230654761904
109.8,43.85230654761904
109.9,43.534536210317455
110.0,43.534536210317455
110.1,43.534536210317455
110.2,43.534536210317455
110.3,43.534536210317455
110.4,43.216765873015866
110.5,43.216765873015866
110.6,43.216765873015866
110.7,43.216765873015866
110.8,43.216765873015866
110.9,43.216765873015866
111.0,43.216765873015866
111.1,43.216765873015866
111.2,43.216765873015866
111.3,43.216765873015866
111.4,43.216765873015866
111.5,43.216765873015866
111.6,42.898995535714285
111.7,43.216765873015866
111.8,42.898995535714285
111.9,42.898995535714285
112.0,42.898995535714285
112.1,42.898995535714285
112.2,42.898995535714285
112.3,42.581225198412696
112.4,42.898995535714285
112.5,42.581225198412696
112.6,42.581225198412696
112.7,42.581225198412696
112.8,42.581225198412696
112.9,42.581225198412696
113.0,42.581225198412696
113.1,42.581225198412696
113.2,42.581225198412696
113.3,42.26345486111111
113.4,42.26345486111111
113.5,42.26345486111111
113.6,42.26345486111111
113.7,42.26345486111111
113.8,42.26345486111111
113.9,42.26345486111111
114.0,42.26345486111111
114.1,42.26345486111111
114.2,41.94568452380952
114.3,42.26345486111111
114.4,41.94568452380952
114.5,41.94568452380952
114.6,41.94568452380952
114.7,41.94568452380952
114.8,41.94568452380952
114.9,41.62791418650793
115.0,41.62791418650793
115.1,41.62791418650793
115.2,41.62791418650793
115.3,41.62791418650793
115.4,41.62791418650793
115.5,41.62791418650793
115.6,41.62791418650793
115.7,41.62791418650793
115.8,41.62791418650793
115.9,41.62791418650793
116.0,41.62791418650793
116.1,41.31014384920635
116.2,41.31014384920635
116.3,41.31014384920635
116.4,41.31014384920635
116.5,41.62791418650793
116.6,41.31014384920635
116.7,41.31014384920635
116.8,41.31014384920635
116.9,41.31014384920635
117.0,40.99237351190476
117.1,41.31014384920635
117.2,40.99237351190476
117.3,40.99237351190476
117.4,40.99237351190476
117.5,40.99237351190476
117.6,40.99237351190476
117.7,40.99237351190476
117.8,40.99237351190476
117.9,40.99237351190476
118.0,40.99237351190476
118.1,40.99237351190476
118.2,40.99237351190476
118.3,40.67460317460317
118.4,40.67460317460317
118.5,40.67460317460317
118.6,40.67460317460317
118.7,40.67460317460317
118.8,40.67460317460317
118.9,40.67460317460317
119.0,40.67460317460317
119.1,40.67460317460317
119.2,40.67460317460317
119.3,40.67460317460317
119.4,40.67460317460317
119.5,40.35683283730158
119.6,40.67460317460317
119.7,40.35683283730158
119.8,40.35683283730158
119.9,40.35683283730158
120.0,40.35683283730158
120.1,40.35683283730158
120.2,40.35683283730158
120.3,40.67460317460317
120.4,40.35683283730158
120.5,40.35683283730158
120.6,40.35683283730158
120.7,40.35683283730158
120.8,40.03906249999999
120.9,40.03906249999999
121.0,40.03906249999999
121.1,40.03906249999999
121.2,40.03906249999999
121.3,40.03906249999999
121.4,40.03906249999999
121.5,40.03906249999999
121.6,40.03906249999999
121.7,40.03906249999999
121.8,40.03906249999999
121.9,40.03906249999999
122.0,40.03906249999999
122.1,39.72129216269841
122.2,39.72129216269841
122.3,39.40352182539682
122.4,40.03906249999999
122.5,39.72129216269841
122.6,39.72129216269841
122.7,39.72129216269841
122.8,39.72129216269841
122.9,39.72129216269841
123.0,39.72129216269841
123.1,39.40352182539682
123.2,39.72129216269841
123.3,39.40352182539682
123.4,39.40352182539682
123.5,39.40352182539682
123.6,39.40352182539682
123.7,39.40352182539682
123.8,39.40352182539682
123.9,39.40352182539682
124.0,39.40352182539682
124.1,39.40352182539682
124.2,39.40352182539682
124.3,39.40352182539682
124.4,39.40352182539682
124.5,39.085751488095234
124.6,39.40352182539682
124.7,39.40352182539682
124.8,39.085751488095234
124.9,39.085751488095234
125.0,39.085751488095234
125.1,39.085751488095234
125.2,39.085751488095234
125.3,39.085751488095234
125.4,39.085751488095234
125.5,39.085751488095234
125.6,39.085751488095234
125.7,39.085751488095234
125.8,39.085751488095234
125.9,38.450210813492056
126.0,39.085751488095234
126.1,38.767981150793645
126.2,38.767981150793645
126.3,38.767981150793645
126.4,38.767981150793645
126.5,38.767981150793645
126.6,38.767981150793645
126.7,38.767981150793645
126.8,38.767981150793645
126.9,38.767981150793645
127.0,38.767981150793645
127.1,38.767981150793645
127.2,38.767981150793645
127.3,38.767981150793645
127.4,38.767981150793645
127.5,38.767981150793645
127.6,38.767981150793645
127.7,38.767981150793645
127.8,38.450210813492056
127.9,38.450210813492056
128.0,38.450210813492056
128.1,38.450210813492056
128.2,38.450210813492056
128.3,38.450210813492056
128.4,38.450210813492056
128.5,38.450210813492056
128.6,38.450210813492056
128.7,38.450210813492056
128.8,38.450210813492056
128.9,38.450210813492056
129.0,38.450210813492056
129.1,38.450210813492056
129.2,38.450210813492056
129.3,38.450210813492056
129.4,38.13244047619048
129.5,38.13244047619048
129.6,38.450210813492056
129.7,38.13244047619048
129.8,38.13244047619048
129.9,38.13244047619048
130.0,38.13244047619048
130.1,38.13244047619048
130.2,38.13244047619048
130.3,38.13244047619048
130.4,38.13244047619048
130.5,38.13244047619048
130.6,38.13244047619048
130.7,38.13244047619048
130.8,37.814670138888886
130.9,37.814670138888886
131.0,37.814670138888886
131.1,37.814670138888886
131.2,37.814670138888886
131.3,37.814670138888886
131.4,37.814670138888886
131.5,37.814670138888886
131.6,37.814670138888886
131.7,37.814670138888886
131.8,37.814670138888886
131.9,37.814670138888886
132.0,37.4968998015873
132.1,37.814670138888886
132.2,37.814670138888886
132.3,37.4968998015873
132.4,37.4968998015873
132.5,37.4968998015873
132.6,37.4968998015873
132.7,37.4968998015873
132.8,37.814670138888886
132.9,37.814670138888886
133.0,37.4968998015873
133.1,37.814670138888886
133.2,37.814670138888886
133.3,37.4968998015873
133.4,37.4968998015873
133.5,37.4968998015873
133.6,37.4968998015873
133.7,37.4968998015873
133.8,37.4968998015873
133.9,37.4968998015873
134.0,37.4968998015873
134.1,37.4968998015873
134.2,37.4968998015873
134.3,37.4968998015873
134.4,37.4968998015873
134.5,37.17912946428571
134.6,37.17912946428571
134.7,37.17912946428571
134.8,37.17912946428571
134.9,37.17912946428571
135.0,37.17912946428571
135.1,37.17912946428571
135.2,37.17912946428571
135.3,37.17912946428571
135.4,37.17912946428571
135.5,36.86135912698413
135.6,37.17912946428571
135.7,37.17912946428571
135.8,37.17912946428571
135.9,37.17912946428571
136.0,36.86135912698413
136.1,36.86135912698413
136.2,36.86135912698413
136.3,36.86135912698413
136.4,36.86135912698413
136.5,36.86135912698413
136.6,36.86135912698413
136.7,36.54358878968254
136.8,36.86135912698413
136.9,36.86135912698413
137.0,36.86135912698413
137.1,36.86135912698413
137.2,36.86135912698413
137.3,36.86135912698413
137.4,36.54358878968254
137.5,36.86135912698413
137.6,36.54358878968254
137.7,36.54358878968254
137.8,36.54358878968254
137.9,36.86135912698413
138.0,36.86135912698413
138.1,36.54358878968254
138.2,36.54358878968254
138.3,36.54358878968254
138.4,36.54358878968254
138.5,36.54358878968254
138.6,36.54358878968254
138.7,36.54358878968254
138.8,36.54358878968254
138.9,36.54358878968254
139.0,36.22581845238095
139.1,36.54358878968254
139.2,36.54358878968254
139.3,36.22581845238095
139.4,36.22581845238095
139.5,36.22581845238095
139.6,36.22581845238095
139.7,36.22581845238095
139.8,36.22581845238095
139.9,36.22581845238095
140.0,36.22581845238095
140.1,36.22581845238095
140.2,36.22581845238095
140.3,36.22581845238095
140.4,35.90804811507936
140.5,35.90804811507936
140.6,35.90804811507936
140.7,35.90804811507936
140.8,35.90804811507936
140.9,35.90804811507936
141.0,35.90804811507936
141.1,35.90804811507936
141.2,35.90804811507936
141.3,35.90804811507936
141.4,35.90804811507936
141.5,35.90804811507936
141.6,35.90804811507936
141.7,35.90804811507936
141.8,35.90804811507936
141.9,35.90804811507936
142.0,35.90804811507936
142.1,35.59027777777777
142.2,35.90804811507936
142.3,35.90804811507936
142.4,35.90804811507936
142.5,35.59027777777777
142.6,35.59027777777777
142.7,35.59027777777777
142.8,35.90804811507936
142.9,35.59027777777777
143.0,35.59027777777777
143.1,35.59027777777777
143.2,35.59027777777777
143.3,35.59027777777777
143.4,35.59027777777777
143.5,35.59027777777777
143.6,35.59027777777777
143.7,35.59027777777777
143.8,35.59027777777777
143.9,35.59027777777777
144.0,35.59027777777777
144.1,35.27250744047619
144.2,35.27250744047619
144.3,35.27250744047619
144.4,35.27250744047619
144.5,35.27250744047619
144.6,35.27250744047619
144.7,35.27250744047619
144.8,35.27250744047619
144.9,34.9547371031746
145.0,35.27250744047619
145.1,35.27250744047619
145.2,35.27250744047619
145.3,35.27250744047619
145.4,34.9547371031746
145.5,34.9547371031746
145.6,34.9547371031746
145.7,34.9547371031746
145.8,34.9547371031746
145.9,34.9547371031746
146.0,34.9547371031746
146.1,34.9547371031746
146.2,34.9547371031746
146.3,34.9547371031746
146.4,35.27250744047619
146.5,35.27250744047619
146.6,34.9547371031746
146.7,35.27250744047619
146.8,35.27250744047619
146.9,35.27250744047619
147.0,35.27250744047619
147.1,35.27250744047619
147.2,35.27250744047619
147.3,35.27250744047619
147.4,35.27250744047619
147.5,35.27250744047619
147.6,35.27250744047619
147.7,35.27250744047619
147.8,35.27250744047619
147.9,35.27250744047619
148.0,35.27250744047619
148.1,35.27250744047619
148.2,35.59027777777777
148.3,35.27250744047619
148.4,35.59027777777777
148.5,35.59027777777777
148.6,35.59027777777777
148.7,35.59027777777777
148.8,35.59027777777777
148.9,35.59027777777777
149.0,35.90804811507936
149.1,35.90804811507936
149.2,35.90804811507936
149.3,35.90804811507936
149.4,36.22581845238095
149.5,36.22581845238095
149.6,36.22581845238095
149.7,36.22581845238095
149.8,36.54358878968254
149.9,36.54358878968254
150.0,36.54358878968254
150.1,36.86135912698413
150.2,36.86135912698413
150.3,36.86135912698413
150.4,37.17912946428571
150.5,37.17912946428571
150.6,37.4968998015873
150.7,37.4968998015873
150.8,37.814670138888886
150.9,37.814670138888886
151.0,37.814670138888886
151.1,38.13244047619048
151.2,38.13244047619048
151.3,38.450210813492056
151.4,38.450210813492056
151.5,38.450210813492056
151.6,38.767981150793645
151.7,39.085751488095234
151.8,39.085751488095234
151.9,39.40352182539682
152.0,39.40352182539682
152.1,39.72129216269841
152.2,39.72129216269841
152.3,39.72129216269841
152.4,40.03906249999999
152.5,40.35683283730158
152.6,40.35683283730158
152.7,40.67460317460317
152.8,40.35683283730158
152.9,40.67460317460317
153.0,40.67460317460317
153.1,40.99237351190476
153.2,40.99237351190476
153.3,40.99237351190476
153.4,41.31014384920635
153.5,41.31014384920635
153.6,41.62791418650793
153.7,41.62791418650793
153.8,41.94568452380952
153.9,41.94568452380952
154.0,41.94568452380952
154.1,42.26345486111111
154.2,42.26345486111111
154.3,42.26345486111111
154.4,42.581225198412696
154.5,42.581225198412696
154.6,42.898995535714285
154.7,42.898995535714285
154.8,42.898995535714285
154.9,42.898995535714285
155.0,43.216765873015866
155.1,43.216765873015866
155.2,43.216765873015866
155.3,43.534536210317455
155.4,43.534536210317455
155.5,43.534536210317455
155.6,43.85230654761904
155.7,43.85230654761904
155.8,43.85230654761904
155.9,43.85230654761904
156.0,43.85230654761904
156.1,44.17007688492063
156.2,43.85230654761904
156.3,44.17007688492063
156.4,44.17007688492063
156.5,44.17007688492063
156.6,44.48784722222221
156.7,44.48784722222221
156.8,44.48784722222221
156.9,44.48784722222221
157.0,44.48784722222221
157.1,44.8056175595238
157.2,44.8056175595238
157.3,44.8056175595238
157.4,44.8056175595238
157.5,44.8056175595238
157.6,44.8056175595238
157.7,45.12338789682539
157.8,45.12338789682539
157.9,45.12338789682539
158.0,45.12338789682539
158.1,45.12338789682539
158.2,45.12338789682539
158.3,45.12338789682539
158.4,45.12338789682539
158.5,45.12338789682539
158.6,45.44115823412698
158.7,45.12338789682539
158.8,45.44115823412698
158.9,45.44115823412698
159.0,45.44115823412698
159.1,45.44115823412698
159.2,45.44115823412698
159.3,45.44115823412698
159.4,45.44115823412698
159.5,45.44115823412698
159.6,45.44115823412698
159.7,45.44115823412698
159.8,45.44115823412698
159.9,45.44115823412698
160.0,45.44115823412698
160.1,45.44115823412698
160.2,45.44115823412698
160.3,45.44115823412698
160.4,45.75892857142857
160.5,45.44115823412698
160.6,45.75892857142857
160.7,45.75892857142857
160.8,45.75892857142857
160.9,45.44115823412698
161.0,45.44115823412698
161.1,45.75892857142857
161.2,45.44115823412698
161.3,45.44115823412698
161.4,45.44115823412698
161.5,45.44115823412698
161.6,45.44115823412698
161.7,45.44115823412698
161.8,45.44115823412698
161.9,45.44115823412698
162.0,45.44115823412698
162.1,45.44115823412698
162.2,45.44115823412698
162.3,45.44115823412698
162.4,45.44115823412698
162.5,45.44115823412698
162.6,45.44115823412698
162.7,45.12338789682539
162.8,45.12338789682539
162.9,45.12338789682539
163.0,45.12338789682539
163.1,45.12338789682539
163.2,45.12338789682539
163.3,45.12338789682539
163.4,45.12338789682539
163.5,44.8056175595238
163.6,45.12338789682539
163.7,44.8056175595238
163.8,44.48784722222221
163.9,44.8056175595238
164.0,44.8056175595238
164.1,44.8056175595238
164.2,44.8056175595238
164.3,44.8056175595238
164.4,44.8056175595238
164.5,44.8056175595238
164.6,44.48784722222221
164.7,44.48784722222221
164.8,44.48784722222221
164.9,44.48784722222221
165.0,44.48784722222221
165.1,44.48784722222221
165.2,44.48784722222221
165.3,44.48784722222221
165.4,44.17007688492063
165.5,44.48784722222221
165.6,44.17007688492063
165.7,44.17007688492063
165.8,44.17007688492063
165.9,44.17007688492063
166.0,44.17007688492063
166.1,43.85230654761904
166.2,44.17007688492063
166.3,43.85230654761904
166.4,43.85230654761904
166.5,43.85230654761904
166.6,43.85230654761904
166.7,43.534536210317455
166.8,43.85230654761904
166.9,43.534536210317455
167.0,43.85230654761904
167.1,43.85230654761904
167.2,43.534536210317455
167.3,43.534536210317455
167.4,43.534536210317455
167.5,43.534536210317455
167.6,43.534536210317455
167.7,43.534536210317455
167.8,43.534536210317455
167.9,43.534536210317455
168.0,43.216765873015866
168.1,43.216765873015866
168.2,43.216765873015866
168.3,43.216765873015866
168.4,43.216765873015866
168.5,43.216765873015866
168.6,43.216765873015866
168.7,43.216765873015866
168.8,42.898995535714285
168.9,42.898995535714285
169.0,42.898995535714285
169.1,42.898995535714285
169.2,42.898995535714285
169.3,42.898995535714285
169.4,42.898995535714285
169.5,42.898995535714285
169.6,42.898995535714285
169.7,42.898995535714285
169.8,42.898995535714285
169.9,42.581225198412696
170.0,42.898995535714285
170.1,42.581225198412696
170.2,42.581225198412696
170.3,42.581225198412696
170.4,42.581225198412696
170.5,42.26345486111111
170.6,42.26345486111111
170.7,42.26345486111111
170.8,42.26345486111111
170.9,42.26345486111111
171.0,42.26345486111111
171.1,42.26345486111111
171.2,42.26345486111111
171.3,42.26345486111111
171.4,41.94568452380952
171.5,42.26345486111111
171.6,41.94568452380952
171.7,41.94568452380952
171.8,41.94568452380952
171.9,41.94568452380952
172.0,41.94568452380952
172.1,41.94568452380952
172.2,41.94568452380952
172.3,41.62791418650793
172.4,41.62791418650793
172.5,41.62791418650793
172.6,41.62791418650793
172.7,41.62791418650793
172.8,41.62791418650793
172.9,41.62791418650793
173.0,41.62791418650793
173.1,41.31014384920635
173.2,41.62791418650793
173.3,41.31014384920635
173.4,41.31014384920635
173.5,41.31014384920635
173.6,41.31014384920635
173.7,41.31014384920635
173.8,41.31014384920635
173.9,41.31014384920635
174.0,41.31014384920635
174.1,40.99237351190476
174.2,41.31014384920635
174.3,40.99237351190476
174.4,40.99237351190476
174.5,40.99237351190476
174.6,40.99237351190476
174.7,40.99237351190476
174.8,40.99237351190476
174.9,40.99237351190476
175.0,40.99237351190476
175.1,40.99237351190476
175.2,40.67460317460317
175.3,40.67460317460317
175.4,40.67460317460317
175.5,40.67460317460317
175.6,40.67460317460317
175.7,40.67460317460317
175.8,40.67460317460317
175.9,40.35683283730158
176.0,40.67460317460317
176.1,40.35683283730158
176.2,40.35683283730158
176.3,40.35683283730158
176.4,40.35683283730158
176.5,40.35683283730158
176.6,40.35683283730158
176.7,40.35683283730158
176.8,40.35683283730158
176.9,40.35683283730158
177.0,40.03906249999999
177.1,40.03906249999999
177.2,40.03906249999999
177.3,40.03906249999999
177.4,40.03906249999999
177.5,40.03906249999999
177.6,40.03906249999999
177.7,40.03906249999999
177.8,39.72129216269841
177.9,39.72129216269841
178.0,39.72129216269841
178.1,39.72129216269841
178.2,39.72129216269841
178.3,39.72129216269841
178.4,39.40352182539682
178.5,39.72129216269841
178.6,39.72129216269841
178.7,39.40352182539682
178.8,39.40352182539682
178.9,39.40352182539682
179.0,39.40352182539682
179.1,39.40352182539682
179.2,39.40352182539682
179.3,39.40352182539682
179.4,39.40352182539682
179.5,39.40352182539682
179.6,39.40352182539682
179.7,39.40352182539682
179.8,39.40352182539682
179.9,39.085751488095234
180.0,39.085751488095234
180.1,39.085751488095234
180.2,39.085751488095234
180.3,39.085751488095234
180.4,39.085751488095234
180.5,39.085751488095234
180.6,39.085751488095234
180.7,38.767981150793645
180.8,38.767981150793645
180.9,38.767981150793645
181.0,38.767981150793645
181.1,38.767981150793645
181.2,38.767981150793645
181.3,38.767981150793645
181.4,38.767981150793645
181.5,38.767981150793645
181.6,38.450210813492056
181.7,38.767981150793645
181.8,38.450210813492056
181.9,38.450210813492056
182.0,38.450210813492056
182.1,38.450210813492056
182.2,38.450210813492056
182.3,38.450210813492056
182.4,38.450210813492056
182.5,38.450210813492056
182.6,38.450210813492056
182.7,38.13244047619048
182.8,38.13244047619048
182.9,38.13244047619048
183.0,38.13244047619048
183.1,38.13244047619048
183.2,38.13244047619048
183.3,38.13244047619048
183.4,38.13244047619048
183.5,38.13244047619048
183.6,38.13244047619048
183.7,38.13244047619048
183.8,38.13244047619048
183.9,38.13244047619048
184.0,37.814670138888886
184.1,37.814670138888886
184.2,37.814670138888886
184.3,37.814670138888886
184.4,37.814670138888886
184.5,37.814670138888886
184.6,37.814670138888886
184.7,37.814670138888886
184.8,37.4968998015873
184.9,37.814670138888886
185.0,37.814670138888886
185.1,37.814670138888886
185.2,37.4968998015873
185.3,37.4968998015873
185.4,37.814670138888886
185.5,37.814670138888886
185.6,37.4968998015873
185.7,37.4968998015873
185.8,37.4968998015873
185.9,37.4968998015873
186.0,37.4968998015873
186.1,37.4968998015873
186.2,37.17912946428571
186.3,37.17912946428571
186.4,37.4968998015873
186.5,37.17912946428571
186.6,37.17912946428571
186.7,37.17912946428571
186.8,37.17912946428571
186.9,37.17912946428571
187.0,37.17912946428571
187.1,37.17912946428571
187.2,37.17912946428571
187.3,37.17912946428571
187.4,37.17912946428571
187.5,37.17912946428571
187.6,37.17912946428571
187.7,37.17912946428571
187.8,37.17912946428571
187.9,36.86135912698413
188.0,36.86135912698413
188.1,36.86135912698413
188.2,36.86135912698413
188.3,36.86135912698413
188.4,36.86135912698413
188.5,36.86135912698413
188.6,36.86135912698413
188.7,36.86135912698413
188.8,36.86135912698413
188.9,36.86135912698413
189.0,36.86135912698413
189.1,36.54358878968254
189.2,36.54358878968254
189.3,36.54358878968254
189.4,36.54358878968254
189.5,36.54358878968254
189.6,36.54358878968254
189.7,36.54358878968254
189.8,36.54358878968254
189.9,36.54358878968254
190.0,36.54358878968254
190.1,36.54358878968254
190.2,36.54358878968254
190.3,36.54358878968254
190.4,36.54358878968254
190.5,36.22581845238095
190.6,36.22581845238095
190.7,36.22581845238095
190.8,36.22581845238095
190.9,35.90804811507936
191.0,36.22581845238095
191.1,36.22581845238095
191.2,36.22581845238095
191.3,36.22581845238095
191.4,36.22581845238095
191.5,36.22581845238095
191.6,36.22581845238095
191.7,36.22581845238095
191.8,36.22581845238095
191.9,35.90804811507936
192.0,35.90804811507936
192.1,36.22581845238095
192.2,35.90804811507936
192.3,35.90804811507936
192.4,35.90804811507936
192.5,35.90804811507936
192.6,35.90804811507936
192.7,35.90804811507936
192.8,35.90804811507936
192.9,35.90804811507936
193.0,35.90804811507936
193.1,35.59027777777777
193.2,35.90804811507936
193.3,35.90804811507936
193.4,35.90804811507936
193.5,35.90804811507936
193.6,35.90804811507936
193.7,35.59027777777777
193.8,35.59027777777777
193.9,35.59027777777777
194.0,35.59027777777777
194.1,35.59027777777777
194.2,35.59027777777777
194.3,35.59027777777777
194.4,35.59027777777777
194.5,35.59027777777777
194.6,35.59027777777777
194.7,35.59027777777777
194.8,35.59027777777777
194.9,35.59027777777777
195.0,35.59027777777777
195.1,35.59027777777777
195.2,35.59027777777777
195.3,35.59027777777777
195.4,35.59027777777777
195.5,35.27250744047619
195.6,35.59027777777777
195.7,35.27250744047619
195.8,35.27250744047619
195.9,35.27250744047619
196.0,35.27250744047619
196.1,35.27250744047619
196.2,35.27250744047619
196.3,35.27250744047619
196.4,35.27250744047619
196.5,35.27250744047619
196.6,35.27250744047619
196.7,35.27250744047619
196.8,35.27250744047619
196.9,35.27250744047619
197.0,35.27250744047619
197.1,35.27250744047619
197.2,34.9547371031746
197.3,35.27250744047619
197.4,35.27250744047619
197.5,35.27250744047619
197.6,34.9547371031746
197.7,35.27250744047619
197.8,34.9547371031746
197.9,34.9547371031746
198.0,34.9547371031746
198.1,34.9547371031746
198.2,34.9547371031746
198.3,34.9547371031746
198.4,34.9547371031746
198.5,34.9547371031746
198.6,34.9547371031746
198.7,34.9547371031746
198.8,34.9547371031746
198.9,34.9547371031746
199.0,34.9547371031746
199.1,34.9547371031746
199.2,34.9547371031746
199.3,34.63696676587301
199.4,34.9547371031746
199.5,34.63696676587301
199.6,34.9547371031746
199.7,34.63696676587301
199.8,34.63696676587301
199.9,34.63696676587301
200.0,34.63696676587301
200.1,34.63696676587301
200.2,34.63696676587301
200.3,34.63696676587301
200.4,34.63696676587301
200.5,34.63696676587301
200.6,34.63696676587301
200.7,34.31919642857142
200.8,34.63696676587301
200.9,34.63696676587301
201.0,34.63696676587301
201.1,34.63696676587301
201.2,34.31919642857142
201.3,34.31919642857142
201.4,34.63696676587301
201.5,34.31919642857142
201.6,34.31919642857142
201.7,34.31919642857142
201.8,34.63696676587301
201.9,34.63696676587301
202.0,34.31919642857142
202.1,34.31919642857142
202.2,34.31919642857142
202.3,34.31919642857142
202.4,34.31919642857142
202.5,34.31919642857142
202.6,34.31919642857142
202.7,34.31919642857142
202.8,34.31919642857142
202.9,34.31919642857142
203.0,34.31919642857142
203.1,34.31919642857142
203.2,34.31919642857142
203.3,34.31919642857142
203.4,34.31919642857142
203.5,34.001426091269835
203.6,34.001426091269835
203.7,34.31919642857142
203.8,34.001426091269835
203.9,34.31919642857142
204.0,34.001426091269835
204.1,34.001426091269835
204.2,34.001426091269835
204.3,34.001426091269835
204.4,34.001426091269835
204.5,34.001426091269835
204.6,34.001426091269835
204.7,34.001426091269835
204.8,34.001426091269835
204.9,34.001426091269835
205.0,34.001426091269835
205.1,34.001426091269835
205.2,34.001426091269835
205.3,33.68365575396825
205.4,34.001426091269835
205.5,34.001426091269835
205.6,34.001426091269835
205.7,33.68365575396825
205.8,34.001426091269835
205.9,33.68365575396825
206.0,34.001426091269835
206.1,33.68365575396825
206.2,33.68365575396825
206.3,34.001426091269835
206.4,33.68365575396825
206.5,33.68365575396825
206.6,33.68365575396825
206.7,33.68365575396825
206.8,33.68365575396825
206.9,33.68365575396825
207.0,33.68365575396825
207.1,33.68365575396825
207.2,33.68365575396825
207.3,33.68365575396825
207.4,33.68365575396825
207.5,33.68365575396825
207.6,33.68365575396825
207.7,33.68365575396825
207.8,33.68365575396825
207.9,33.68365575396825
208.0,33.68365575396825
208.1,33.68365575396825
208.2,33.68365575396825
208.3,33.68365575396825
208.4,33.68365575396825
208.5,33.365885416666664
208.6,33.365885416666664
208.7,33.365885416666664
208.8,33.365885416666664
208.9,33.365885416666664
209.0,33.365885416666664
209.1,33.365885416666664
209.2,33.365885416666664
209.3,33.365885416666664
209.4,33.365885416666664
209.5,33.365885416666664
209.6,33.365885416666664
209.7,33.365885416666664
209.8,33.365885416666664
209.9,33.04811507936508
210.0,33.365885416666664
210.1,33.365885416666664
210.2,33.365885416666664
210.3,33.365885416666664
210.4,33.365885416666664
210.5,33.365885416666664
210.6,33.04811507936508
210.7,33.365885416666664
210.8,33.365885416666664
210.9,33.365885416666664
211.0,33.365885416666664
211.1,33.365885416666664
211.2,33.04811507936508
211.3,33.04811507936508
211.4,33.365885416666664
211.5,33.04811507936508
211.6,33.04811507936508
211.7,33.04811507936508
211.8,33.04811507936508
211.9,33.04811507936508
212.0,33.04811507936508
212.1,33.04811507936508
212.2,33.365885416666664
212.3,33.04811507936508
212.4,33.04811507936508
212.5,33.04811507936508
212.6,33.04811507936508
212.7,33.04811507936508
212.8,33.04811507936508
212.9,33.04811507936508
213.0,33.04811507936508
213.1,33.04811507936508
213.2,33.04811507936508
213.3,33.04811507936508
213.4,33.04811507936508
213.5,33.04811507936508
213.6,33.04811507936508
213.7,33.04811507936508
213.8,32.73034474206349
213.9,32.73034474206349
214.0,33.04811507936508
214.1,33.04811507936508
214.2,33.04811507936508
214.3,32.73034474206349
214.4,33.04811507936508
214.5,32.73034474206349
214.6,33.04811507936508
214.7,32.73034474206349
214.8,32.73034474206349
214.9,32.73034474206349
215.0,32.73034474206349
215.1,32.73034474206349
215.2,32.73034474206349
215.3,32.73034474206349
215.4,32.73034474206349
215.5,32.73034474206349
215.6,32.73034474206349
215.7,32.73034474206349
215.8,32.73034474206349
215.9,32.73034474206349
216.0,32.73034474206349
216.1,32.73034474206349
216.2,32.73034474206349
216.3,32.73034474206349
216.4,32.73034474206349
216.5,32.73034474206349
216.6,32.4125744047619
216.7,32.73034474206349
216.8,32.73034474206349
216.9,32.73034474206349
217.0,32.73034474206349
217.1,32.73034474206349
217.2,32.73034474206349
217.3,32.4125744047619
217.4,32.73034474206349
217.5,32.73034474206349
217.6,32.73034474206349
217.7,32.73034474206349
217.8,32.4125744047619
217.9,32.4125744047619
218.0,32.4125744047619
218.1,32.4125744047619
218.2,32.4125744047619
218.3,32.4125744047619
218.4,32.4125744047619
218.5,32.4125744047619
218.6,32.4125744047619
218.7,32.4125744047619
218.8,32.4125744047619
218.9,32.4125744047619
219.0,32.4125744047619
219.1,32.4125744047619
219.2,32.4125744047619
219.3,32.4125744047619
219.4,32.4125744047619
219.5,32.4125744047619
219.6,32.4125744047619
219.7,32.4125744047619
219.8,32.4125744047619
219.9,32.4125744047619
220.0,32.4125744047619
220.1,32.4125744047619
220.2,32.09480406746032
220.3,32.4125744047619
220.4,32.73034474206349
220.5,32.4125744047619
220.6,32.4125744047619
220.7,32.4125744047619
220.8,32.4125744047619
220.9,32.09480406746032
221.0,32.09480406746032
221.1,32.09480406746032
221.2,32.4125744047619
221.3,32.09480406746032
221.4,32.4125744047619
221.5,32.09480406746032
221.6,32.4125744047619
221.7,32.09480406746032
221.8,32.4125744047619
221.9,32.09480406746032
222.0,32.09480406746032
222.1,32.09480406746032
222.2,32.09480406746032
222.3,32.09480406746032
222.4,32.09480406746032
222.5,31.777033730158728
222.6,32.09480406746032
222.7,32.09480406746032
222.8,32.09480406746032
222.9,32.09480406746032
223.0,32.09480406746032
223.1,32.09480406746032
223.2,32.09480406746032
223.3,32.09480406746032
223.4,32.09480406746032
223.5,32.09480406746032
223.6,32.09480406746032
223.7,32.09480406746032
223.8,32.09480406746032
223.9,32.09480406746032
224.0,32.09480406746032
224.1,31.777033730158728
224.2,32.09480406746032
224.3,32.09480406746032
224.4,32.09480406746032
224.5,31.777033730158728
224.6,32.09480406746032
224.7,31.777033730158728
224.8,32.09480406746032
224.9,32.09480406746032
225.0,31.777033730158728
225.1,31.777033730158728
225.2,31.777033730158728
225.3,31.777033730158728
225.4,31.777033730158728
225.5,31.777033730158728
225.6,31.777033730158728
225.7,31.777033730158728
225.8,31.777033730158728
225.9,31.777033730158728
226.0,31.777033730158728
226.1,31.777033730158728
226.2,31.777033730158728
226.3,31.777033730158728
226.4,31.777033730158728
226.5,31.777033730158728
226.6,31.777033730158728
226.7,31.777033730158728
226.8,31.777033730158728
226.9,31.777033730158728
227.0,32.09480406746032
227.1,31.45926339285714
227.2,31.777033730158728
227.3,31.777033730158728
227.4,31.777033730158728
227.5,31.777033730158728
227.6,31.777033730158728
227.7,31.777033730158728
227.8,31.777033730158728
227.9,31.777033730158728
228.0,31.777033730158728
228.1,31.777033730158728
228.2,31.777033730158728
228.3,31.45926339285714
228.4,31.777033730158728
228.5,31.777033730158728
228.6,31.777033730158728
228.7,30.823722718253965
228.8,31.777033730158728
228.9,31.777033730158728
229.0,31.45926339285714
229.1,31.45926339285714
229.2,31.45926339285714
229.3,31.45926339285714
229.4,31.777033730158728
229.5,31.45926339285714
229.6,31.45926339285714
229.7,31.777033730158728
229.8,31.45926339285714
229.9,31.45926339285714
230.0,31.45926339285714
230.1,31.45926339285714
230.2,31.45926339285714
230.3,31.45926339285714
230.4,31.45926339285714
230.5,31.45926339285714
230.6,31.45926339285714
230.7,31.45926339285714
230.8,31.45926339285714
230.9,31.45926339285714
231.0,31.45926339285714
231.1,31.45926339285714
231.2,31.45926339285714
231.3,31.45926339285714
231.4,31.45926339285714
231.5,31.45926339285714
231.6,31.45926339285714
231.7,31.45926339285714
231.8,31.45926339285714
231.9,31.45926339285714
232.0,31.45926339285714
232.1,31.45926339285714
232.2,31.45926339285714
232.3,31.45926339285714
232.4,31.45926339285714
232.5,31.45926339285714
232.6,31.45926339285714
232.7,31.45926339285714
232.8,31.45926339285714
232.9,31.45926339285714
233.0,31.45926339285714
233.1,31.45926339285714
233.2,31.141493055555557
233.3,31.45926339285714
233.4,31.45926339285714
233.5,31.45926339285714
233.6,31.141493055555557
233.7,31.141493055555557
233.8,31.141493055555557
233.9,31.141493055555557
234.0,31.45926339285714
234.1,31.141493055555557
234.2,31.141493055555557
234.3,31.141493055555557
234.4,31.141493055555557
234.5,31.141493055555557
234.6,31.141493055555557
234.7,31.141493055555557
234.8,31.141493055555557
234.9,31.141493055555557
235.0,31.141493055555557
235.1,31.141493055555557
235.2,31.141493055555557
235.3,31.141493055555557
235.4,31.141493055555557
235.5,31.141493055555557
235.6,31.141493055555557
235.7,31.141493055555557
235.8,31.141493055555557
235.9,31.141493055555557
236.0,31.141493055555557
236.1,31.141493055555557
236.2,31.141493055555557
236.3,31.141493055555557
236.4,31.141493055555557
236.5,31.141493055555557
236.6,31.141493055555557
236.7,31.141493055555557
236.8,31.141493055555557
236.9,31.141493055555557
237.0,31.141493055555557
237.1,30.823722718253965
237.2,31.141493055555557
237.3,30.823722718253965
237.4,30.823722718253965
237.5,31.141493055555557
237.6,31.141493055555557
237.7,30.823722718253965
237.8,30.823722718253965
237.9,30.823722718253965
238.0,30.823722718253965
238.1,30.823722718253965
238.2,30.823722718253965
238.3,30.823722718253965
238.4,30.823722718253965
238.5,30.823722718253965
238.6,30.823722718253965
238.7,30.823722718253965
238.8,30.823722718253965
238.9,30.823722718253965
239.0,30.823722718253965
239.1,30.823722718253965
239.2,30.823722718253965
239.3,30.823722718253965
239.4,30.823722718253965
239.5,30.823722718253965
239.6,30.823722718253965
239.7,30.50595238095238
239.8,30.823722718253965
239.9,30.50595238095238
